onset	duration	sample	trial_type	response_time	stim_file	value
3.8007812500	n/a	973	stimulus	n/a	n/a	standard
4.6835937500	n/a	1199	stimulus	n/a	n/a	standard
5.6835937500	n/a	1455	stimulus	n/a	n/a	standard
6.6835937500	n/a	1711	stimulus	n/a	n/a	standard
7.6875000000	n/a	1968	stimulus	n/a	n/a	standard
8.6835937500	n/a	2223	stimulus	n/a	n/a	standard
9.6835937500	n/a	2479	stimulus	n/a	n/a	standard
10.6835937500	n/a	2735	stimulus	n/a	n/a	standard
11.6835937500	n/a	2991	stimulus	n/a	n/a	standard
12.6835937500	n/a	3247	stimulus	n/a	n/a	standard
13.6835937500	n/a	3503	stimulus	n/a	n/a	standard
14.6835937500	n/a	3759	stimulus	n/a	n/a	noise
15.6835937500	n/a	4015	stimulus	n/a	n/a	standard
16.6835937500	n/a	4271	stimulus	496	n/a	oddball_with_reponse
17.1796875000	n/a	4398	response	n/a	n/a	response
17.6835937500	n/a	4527	stimulus	n/a	n/a	standard
18.6835937500	n/a	4783	stimulus	n/a	n/a	standard
19.6875000000	n/a	5040	stimulus	n/a	n/a	standard
20.6835937500	n/a	5295	stimulus	n/a	n/a	standard
21.6835937500	n/a	5551	stimulus	n/a	n/a	standard
22.6835937500	n/a	5807	stimulus	n/a	n/a	standard
23.6835937500	n/a	6063	stimulus	n/a	n/a	standard
24.6835937500	n/a	6319	stimulus	n/a	n/a	noise
25.6875000000	n/a	6576	stimulus	n/a	n/a	standard
26.6914062500	n/a	6833	stimulus	n/a	n/a	standard
27.6835937500	n/a	7087	stimulus	n/a	n/a	standard
28.6835937500	n/a	7343	stimulus	465	n/a	oddball_with_reponse
29.1484375000	n/a	7462	response	n/a	n/a	response
29.6875000000	n/a	7600	stimulus	n/a	n/a	standard
30.6835937500	n/a	7855	stimulus	n/a	n/a	standard
31.6953125000	n/a	8114	stimulus	n/a	n/a	standard
32.6835937500	n/a	8367	stimulus	n/a	n/a	standard
33.6875000000	n/a	8624	stimulus	n/a	n/a	standard
34.6953125000	n/a	8882	stimulus	n/a	n/a	standard
35.6914062500	n/a	9137	stimulus	n/a	n/a	standard
36.6875000000	n/a	9392	stimulus	n/a	n/a	standard
37.6914062500	n/a	9649	stimulus	n/a	n/a	standard
38.6953125000	n/a	9906	stimulus	n/a	n/a	standard
39.6914062500	n/a	10161	stimulus	n/a	n/a	noise
40.6875000000	n/a	10416	stimulus	n/a	n/a	standard
41.6835937500	n/a	10671	stimulus	n/a	n/a	standard
42.6875000000	n/a	10928	stimulus	n/a	n/a	noise
43.6875000000	n/a	11184	stimulus	n/a	n/a	standard
44.6875000000	n/a	11440	stimulus	n/a	n/a	standard
45.6914062500	n/a	11697	stimulus	543	n/a	oddball_with_reponse
46.2343750000	n/a	11836	response	n/a	n/a	response
46.6875000000	n/a	11952	stimulus	n/a	n/a	standard
47.6992187500	n/a	12211	stimulus	648	n/a	oddball_with_reponse
48.3476562500	n/a	12377	response	n/a	n/a	response
48.6992187500	n/a	12467	stimulus	n/a	n/a	standard
49.7031250000	n/a	12724	stimulus	n/a	n/a	standard
50.6992187500	n/a	12979	stimulus	n/a	n/a	standard
51.6992187500	n/a	13235	stimulus	402	n/a	oddball_with_reponse
52.1015625000	n/a	13338	response	n/a	n/a	response
52.7031250000	n/a	13492	stimulus	n/a	n/a	standard
53.7070312500	n/a	13749	stimulus	n/a	n/a	standard
54.7031250000	n/a	14004	stimulus	n/a	n/a	standard
55.7031250000	n/a	14260	stimulus	n/a	n/a	noise
56.7031250000	n/a	14516	stimulus	n/a	n/a	standard
57.6992187500	n/a	14771	stimulus	n/a	n/a	standard
58.6992187500	n/a	15027	stimulus	n/a	n/a	noise
59.7031250000	n/a	15284	stimulus	n/a	n/a	standard
60.6992187500	n/a	15539	stimulus	n/a	n/a	standard
61.7109375000	n/a	15798	stimulus	n/a	n/a	standard
62.7070312500	n/a	16053	stimulus	523	n/a	oddball_with_reponse
63.2304687500	n/a	16187	response	n/a	n/a	response
63.7226562500	n/a	16313	stimulus	n/a	n/a	standard
64.7109375000	n/a	16566	stimulus	445	n/a	oddball_with_reponse
65.1562500000	n/a	16680	response	n/a	n/a	response
65.7265625000	n/a	16826	stimulus	n/a	n/a	standard
66.7109375000	n/a	17078	stimulus	n/a	n/a	noise
67.7109375000	n/a	17334	stimulus	n/a	n/a	standard
68.7031250000	n/a	17588	stimulus	n/a	n/a	standard
69.7109375000	n/a	17846	stimulus	n/a	n/a	standard
70.7226562500	n/a	18105	stimulus	n/a	n/a	noise
71.7070312500	n/a	18357	stimulus	n/a	n/a	standard
72.7070312500	n/a	18613	stimulus	531	n/a	oddball_with_reponse
73.2382812500	n/a	18749	response	n/a	n/a	response
73.7265625000	n/a	18874	stimulus	n/a	n/a	standard
74.7187500000	n/a	19128	stimulus	512	n/a	oddball_with_reponse
75.2304687500	n/a	19259	response	n/a	n/a	response
75.7226562500	n/a	19385	stimulus	n/a	n/a	standard
76.7226562500	n/a	19641	stimulus	n/a	n/a	standard
77.7187500000	n/a	19896	stimulus	n/a	n/a	standard
78.7226562500	n/a	20153	stimulus	n/a	n/a	standard
79.7265625000	n/a	20410	stimulus	410	n/a	oddball_with_reponse
80.1367187500	n/a	20515	response	n/a	n/a	response
80.7226562500	n/a	20665	stimulus	n/a	n/a	standard
81.7226562500	n/a	20921	stimulus	n/a	n/a	noise
82.7187500000	n/a	21176	stimulus	n/a	n/a	standard
83.7304687500	n/a	21435	stimulus	n/a	n/a	standard
84.7265625000	n/a	21690	stimulus	n/a	n/a	standard
85.7304687500	n/a	21947	stimulus	434	n/a	oddball_with_reponse
86.1640625000	n/a	22058	response	n/a	n/a	response
86.7304687500	n/a	22203	stimulus	n/a	n/a	standard
87.7265625000	n/a	22458	stimulus	438	n/a	oddball_with_reponse
88.1640625000	n/a	22570	response	n/a	n/a	response
88.7304687500	n/a	22715	stimulus	n/a	n/a	standard
89.7343750000	n/a	22972	stimulus	n/a	n/a	noise
90.7265625000	n/a	23226	stimulus	n/a	n/a	standard
91.7265625000	n/a	23482	stimulus	n/a	n/a	standard
92.7421875000	n/a	23742	stimulus	426	n/a	oddball_with_reponse
93.1679687500	n/a	23851	response	n/a	n/a	response
93.7265625000	n/a	23994	stimulus	n/a	n/a	standard
94.7343750000	n/a	24252	stimulus	n/a	n/a	standard
95.7304687500	n/a	24507	stimulus	n/a	n/a	standard
96.7265625000	n/a	24762	stimulus	336	n/a	oddball_with_reponse
97.0625000000	n/a	24848	response	n/a	n/a	response
97.7421875000	n/a	25022	stimulus	n/a	n/a	standard
98.7265625000	n/a	25274	stimulus	n/a	n/a	standard
99.7421875000	n/a	25534	stimulus	352	n/a	oddball_with_reponse
100.0937500000	n/a	25624	response	n/a	n/a	response
100.7421875000	n/a	25790	stimulus	n/a	n/a	standard
101.7421875000	n/a	26046	stimulus	n/a	n/a	standard
102.7421875000	n/a	26302	stimulus	320	n/a	oddball_with_reponse
103.0625000000	n/a	26384	response	n/a	n/a	response
103.7539062500	n/a	26561	stimulus	n/a	n/a	standard
104.7343750000	n/a	26812	stimulus	n/a	n/a	standard
105.7421875000	n/a	27070	stimulus	371	n/a	oddball_with_reponse
106.1132812500	n/a	27165	response	n/a	n/a	response
106.7421875000	n/a	27326	stimulus	n/a	n/a	standard
107.7421875000	n/a	27582	stimulus	n/a	n/a	standard
108.7500000000	n/a	27840	stimulus	n/a	n/a	standard
109.7421875000	n/a	28094	stimulus	n/a	n/a	noise
110.7500000000	n/a	28352	stimulus	n/a	n/a	standard
111.7460937500	n/a	28607	stimulus	n/a	n/a	standard
112.7578125000	n/a	28866	stimulus	n/a	n/a	noise
113.7460937500	n/a	29119	stimulus	n/a	n/a	standard
114.7460937500	n/a	29375	stimulus	n/a	n/a	standard
115.7460937500	n/a	29631	stimulus	n/a	n/a	standard
116.7460937500	n/a	29887	stimulus	391	n/a	oddball_with_reponse
117.1367187500	n/a	29987	response	n/a	n/a	response
117.7500000000	n/a	30144	stimulus	n/a	n/a	standard
118.7500000000	n/a	30400	stimulus	n/a	n/a	noise
119.7539062500	n/a	30657	stimulus	n/a	n/a	standard
120.7460937500	n/a	30911	stimulus	477	n/a	oddball_with_reponse
121.2226562500	n/a	31033	response	n/a	n/a	response
121.7460937500	n/a	31167	stimulus	n/a	n/a	standard
122.7539062500	n/a	31425	stimulus	n/a	n/a	standard
123.7578125000	n/a	31682	stimulus	n/a	n/a	standard
124.7578125000	n/a	31938	stimulus	n/a	n/a	standard
125.7617187500	n/a	32195	stimulus	n/a	n/a	standard
126.7617187500	n/a	32451	stimulus	n/a	n/a	standard
127.7578125000	n/a	32706	stimulus	n/a	n/a	standard
128.7617187500	n/a	32963	stimulus	n/a	n/a	standard
129.7734375000	n/a	33222	stimulus	n/a	n/a	standard
130.7617187500	n/a	33475	stimulus	n/a	n/a	standard
131.7617187500	n/a	33731	stimulus	n/a	n/a	standard
132.7617187500	n/a	33987	stimulus	n/a	n/a	standard
133.7656250000	n/a	34244	stimulus	422	n/a	oddball_with_reponse
134.1875000000	n/a	34352	response	n/a	n/a	response
134.7617187500	n/a	34499	stimulus	n/a	n/a	standard
135.7617187500	n/a	34755	stimulus	613	n/a	oddball_with_reponse
136.3750000000	n/a	34912	response	n/a	n/a	response
136.7656250000	n/a	35012	stimulus	n/a	n/a	standard
137.7617187500	n/a	35267	stimulus	n/a	n/a	noise
138.7617187500	n/a	35523	stimulus	n/a	n/a	standard
139.7617187500	n/a	35779	stimulus	n/a	n/a	standard
140.7656250000	n/a	36036	stimulus	n/a	n/a	standard
141.7656250000	n/a	36292	stimulus	n/a	n/a	standard
142.7734375000	n/a	36550	stimulus	n/a	n/a	standard
143.7617187500	n/a	36803	stimulus	n/a	n/a	standard
144.7617187500	n/a	37059	stimulus	414	n/a	oddball_with_reponse
145.1757812500	n/a	37165	response	n/a	n/a	response
145.7656250000	n/a	37316	stimulus	n/a	n/a	standard
146.7656250000	n/a	37572	stimulus	n/a	n/a	noise
147.7695312500	n/a	37829	stimulus	n/a	n/a	standard
148.7656250000	n/a	38084	stimulus	n/a	n/a	standard
149.7617187500	n/a	38339	stimulus	n/a	n/a	standard
150.7617187500	n/a	38595	stimulus	590	n/a	oddball_with_reponse
151.3515625000	n/a	38746	response	n/a	n/a	response
151.7617187500	n/a	38851	stimulus	n/a	n/a	standard
152.7656250000	n/a	39108	stimulus	n/a	n/a	standard
153.7656250000	n/a	39364	stimulus	n/a	n/a	standard
154.7617187500	n/a	39619	stimulus	457	n/a	oddball_with_reponse
155.2187500000	n/a	39736	response	n/a	n/a	response
155.7656250000	n/a	39876	stimulus	n/a	n/a	standard
156.7656250000	n/a	40132	stimulus	445	n/a	oddball_with_reponse
157.2109375000	n/a	40246	response	n/a	n/a	response
157.7656250000	n/a	40388	stimulus	n/a	n/a	standard
158.7656250000	n/a	40644	stimulus	n/a	n/a	standard
159.7695312500	n/a	40901	stimulus	n/a	n/a	standard
160.7656250000	n/a	41156	stimulus	367	n/a	oddball_with_reponse
161.1328125000	n/a	41250	response	n/a	n/a	response
161.7656250000	n/a	41412	stimulus	n/a	n/a	standard
162.7773437500	n/a	41671	stimulus	n/a	n/a	standard
163.7773437500	n/a	41927	stimulus	n/a	n/a	standard
164.7773437500	n/a	42183	stimulus	n/a	n/a	noise
165.7773437500	n/a	42439	stimulus	n/a	n/a	standard
166.7773437500	n/a	42695	stimulus	n/a	n/a	standard
167.7773437500	n/a	42951	stimulus	n/a	n/a	noise
168.7773437500	n/a	43207	stimulus	n/a	n/a	standard
169.7812500000	n/a	43464	stimulus	n/a	n/a	standard
170.7773437500	n/a	43719	stimulus	570	n/a	oddball_with_reponse
171.3476562500	n/a	43865	response	n/a	n/a	response
171.7773437500	n/a	43975	stimulus	n/a	n/a	standard
172.7773437500	n/a	44231	stimulus	n/a	n/a	standard
173.7812500000	n/a	44488	stimulus	n/a	n/a	standard
174.7812500000	n/a	44744	stimulus	n/a	n/a	standard
175.7773437500	n/a	44999	stimulus	512	n/a	oddball_with_reponse
176.2890625000	n/a	45130	response	n/a	n/a	response
176.7773437500	n/a	45255	stimulus	n/a	n/a	standard
177.7773437500	n/a	45511	stimulus	n/a	n/a	standard
178.7773437500	n/a	45767	stimulus	n/a	n/a	standard
179.7773437500	n/a	46023	stimulus	n/a	n/a	noise
180.7851562500	n/a	46281	stimulus	n/a	n/a	standard
181.7773437500	n/a	46535	stimulus	n/a	n/a	standard
182.7773437500	n/a	46791	stimulus	n/a	n/a	noise
183.7773437500	n/a	47047	stimulus	n/a	n/a	standard
184.7773437500	n/a	47303	stimulus	n/a	n/a	standard
185.7812500000	n/a	47560	stimulus	434	n/a	oddball_with_reponse
186.2148437500	n/a	47671	response	n/a	n/a	response
186.7773437500	n/a	47815	stimulus	n/a	n/a	standard
187.7890625000	n/a	48074	stimulus	n/a	n/a	standard
188.7929687500	n/a	48331	stimulus	n/a	n/a	standard
189.7929687500	n/a	48587	stimulus	n/a	n/a	standard
190.7929687500	n/a	48843	stimulus	n/a	n/a	standard
191.7929687500	n/a	49099	stimulus	426	n/a	oddball_with_reponse
192.2187500000	n/a	49208	response	n/a	n/a	response
192.7929687500	n/a	49355	stimulus	n/a	n/a	standard
193.8046875000	n/a	49614	stimulus	n/a	n/a	standard
194.7929687500	n/a	49867	stimulus	n/a	n/a	noise
195.7929687500	n/a	50123	stimulus	n/a	n/a	standard
196.7929687500	n/a	50379	stimulus	496	n/a	oddball_with_reponse
197.2890625000	n/a	50506	response	n/a	n/a	response
197.8007812500	n/a	50637	stimulus	n/a	n/a	standard
198.7929687500	n/a	50891	stimulus	n/a	n/a	noise
199.7968750000	n/a	51148	stimulus	n/a	n/a	standard
200.8046875000	n/a	51406	stimulus	523	n/a	oddball_with_reponse
201.3281250000	n/a	51540	response	n/a	n/a	response
201.7929687500	n/a	51659	stimulus	n/a	n/a	standard
202.7968750000	n/a	51916	stimulus	n/a	n/a	standard
203.7929687500	n/a	52171	stimulus	n/a	n/a	standard
204.7968750000	n/a	52428	stimulus	n/a	n/a	standard
205.8085937500	n/a	52687	stimulus	348	n/a	oddball_with_reponse
206.1562500000	n/a	52776	response	n/a	n/a	response
206.7929687500	n/a	52939	stimulus	n/a	n/a	standard
207.7968750000	n/a	53196	stimulus	n/a	n/a	noise
208.8046875000	n/a	53454	stimulus	n/a	n/a	standard
209.7929687500	n/a	53707	stimulus	n/a	n/a	noise
210.7929687500	n/a	53963	stimulus	n/a	n/a	standard
211.7968750000	n/a	54220	stimulus	500	n/a	oddball_with_reponse
212.2968750000	n/a	54348	response	n/a	n/a	response
212.7929687500	n/a	54475	stimulus	n/a	n/a	standard
213.7929687500	n/a	54731	stimulus	n/a	n/a	standard
214.7929687500	n/a	54987	stimulus	n/a	n/a	standard
215.7929687500	n/a	55243	stimulus	n/a	n/a	standard
216.7929687500	n/a	55499	stimulus	n/a	n/a	standard
217.7929687500	n/a	55755	stimulus	n/a	n/a	noise
218.7929687500	n/a	56011	stimulus	n/a	n/a	standard
219.7968750000	n/a	56268	stimulus	n/a	n/a	standard
220.7968750000	n/a	56524	stimulus	n/a	n/a	standard
221.7968750000	n/a	56780	stimulus	n/a	n/a	standard
222.7968750000	n/a	57036	stimulus	n/a	n/a	standard
223.7968750000	n/a	57292	stimulus	n/a	n/a	standard
224.7968750000	n/a	57548	stimulus	n/a	n/a	standard
225.7968750000	n/a	57804	stimulus	n/a	n/a	noise
226.8046875000	n/a	58062	stimulus	n/a	n/a	standard
227.7968750000	n/a	58316	stimulus	n/a	n/a	standard
228.7968750000	n/a	58572	stimulus	n/a	n/a	standard
229.7968750000	n/a	58828	stimulus	n/a	n/a	standard
230.7968750000	n/a	59084	stimulus	n/a	n/a	standard
231.8007812500	n/a	59341	stimulus	n/a	n/a	standard
232.8007812500	n/a	59597	stimulus	367	n/a	oddball_with_reponse
233.1679687500	n/a	59691	response	n/a	n/a	response
233.8007812500	n/a	59853	stimulus	n/a	n/a	standard
234.8007812500	n/a	60109	stimulus	719	n/a	oddball_with_reponse
235.5195312500	n/a	60293	response	n/a	n/a	response
235.8085937500	n/a	60367	stimulus	n/a	n/a	standard
236.8085937500	n/a	60623	stimulus	n/a	n/a	noise
237.8125000000	n/a	60880	stimulus	n/a	n/a	standard
238.8046875000	n/a	61134	stimulus	n/a	n/a	noise
239.8007812500	n/a	61389	stimulus	n/a	n/a	standard
240.8007812500	n/a	61645	stimulus	n/a	n/a	standard
241.8007812500	n/a	61901	stimulus	496	n/a	oddball_with_reponse
242.2968750000	n/a	62028	response	n/a	n/a	response
242.8007812500	n/a	62157	stimulus	n/a	n/a	standard
243.8007812500	n/a	62413	stimulus	660	n/a	oddball_with_reponse
244.4609375000	n/a	62582	response	n/a	n/a	response
244.8046875000	n/a	62670	stimulus	n/a	n/a	standard
245.8007812500	n/a	62925	stimulus	n/a	n/a	standard
246.8007812500	n/a	63181	stimulus	n/a	n/a	noise
247.8007812500	n/a	63437	stimulus	n/a	n/a	standard
248.8085937500	n/a	63695	stimulus	n/a	n/a	standard
249.8085937500	n/a	63951	stimulus	n/a	n/a	standard
250.8046875000	n/a	64206	stimulus	n/a	n/a	standard
251.8046875000	n/a	64462	stimulus	n/a	n/a	standard
252.8046875000	n/a	64718	stimulus	n/a	n/a	standard
253.8046875000	n/a	64974	stimulus	n/a	n/a	standard
254.8046875000	n/a	65230	stimulus	n/a	n/a	noise
255.8046875000	n/a	65486	stimulus	n/a	n/a	standard
256.8125000000	n/a	65744	stimulus	n/a	n/a	standard
257.8164062500	n/a	66001	stimulus	n/a	n/a	standard
258.8164062500	n/a	66257	stimulus	n/a	n/a	standard
259.8125000000	n/a	66512	stimulus	n/a	n/a	standard
260.8125000000	n/a	66768	stimulus	480	n/a	oddball_with_reponse
261.2929687500	n/a	66891	response	n/a	n/a	response
261.8125000000	n/a	67024	stimulus	n/a	n/a	standard
262.8125000000	n/a	67280	stimulus	516	n/a	oddball_with_reponse
263.3281250000	n/a	67412	response	n/a	n/a	response
263.8125000000	n/a	67536	stimulus	n/a	n/a	standard
264.8125000000	n/a	67792	stimulus	457	n/a	oddball_with_reponse
265.2695312500	n/a	67909	response	n/a	n/a	response
265.8125000000	n/a	68048	stimulus	n/a	n/a	standard
266.8125000000	n/a	68304	stimulus	n/a	n/a	standard
267.8125000000	n/a	68560	stimulus	n/a	n/a	noise
268.8125000000	n/a	68816	stimulus	n/a	n/a	standard
269.8125000000	n/a	69072	stimulus	n/a	n/a	noise
270.8125000000	n/a	69328	stimulus	n/a	n/a	standard
271.8125000000	n/a	69584	stimulus	n/a	n/a	noise
272.8125000000	n/a	69840	stimulus	n/a	n/a	standard
273.8164062500	n/a	70097	stimulus	n/a	n/a	noise
274.8164062500	n/a	70353	stimulus	n/a	n/a	standard
275.8164062500	n/a	70609	stimulus	n/a	n/a	noise
276.8164062500	n/a	70865	stimulus	n/a	n/a	standard
277.8164062500	n/a	71121	stimulus	441	n/a	oddball_with_reponse
278.2578125000	n/a	71234	response	n/a	n/a	response
278.8203125000	n/a	71378	stimulus	n/a	n/a	standard
279.8164062500	n/a	71633	stimulus	n/a	n/a	standard
280.8164062500	n/a	71889	stimulus	n/a	n/a	noise
281.8164062500	n/a	72145	stimulus	n/a	n/a	standard
282.8164062500	n/a	72401	stimulus	n/a	n/a	standard
283.8164062500	n/a	72657	stimulus	n/a	n/a	standard
284.8164062500	n/a	72913	stimulus	n/a	n/a	standard
285.8203125000	n/a	73170	stimulus	461	n/a	oddball_with_reponse
286.2812500000	n/a	73288	response	n/a	n/a	response
286.8164062500	n/a	73425	stimulus	n/a	n/a	standard
287.8203125000	n/a	73682	stimulus	n/a	n/a	standard
288.8164062500	n/a	73937	stimulus	n/a	n/a	standard
289.8203125000	n/a	74194	stimulus	n/a	n/a	noise
290.8164062500	n/a	74449	stimulus	n/a	n/a	standard
291.8164062500	n/a	74705	stimulus	n/a	n/a	noise
292.8164062500	n/a	74961	stimulus	n/a	n/a	standard
293.8164062500	n/a	75217	stimulus	n/a	n/a	noise
294.8164062500	n/a	75473	stimulus	n/a	n/a	standard
295.8164062500	n/a	75729	stimulus	625	n/a	oddball_with_reponse
296.4414062500	n/a	75889	response	n/a	n/a	response
296.8164062500	n/a	75985	stimulus	n/a	n/a	standard
297.8164062500	n/a	76241	stimulus	n/a	n/a	noise
298.8164062500	n/a	76497	stimulus	n/a	n/a	standard
299.8164062500	n/a	76753	stimulus	n/a	n/a	standard
300.8164062500	n/a	77009	stimulus	n/a	n/a	noise
301.8164062500	n/a	77265	stimulus	n/a	n/a	standard
302.8203125000	n/a	77522	stimulus	n/a	n/a	standard
303.8242187500	n/a	77779	stimulus	n/a	n/a	noise
304.8320312500	n/a	78037	stimulus	n/a	n/a	standard
305.8320312500	n/a	78293	stimulus	n/a	n/a	standard
306.8320312500	n/a	78549	stimulus	n/a	n/a	standard
307.8359375000	n/a	78806	stimulus	n/a	n/a	noise
308.8320312500	n/a	79061	stimulus	n/a	n/a	standard
309.8320312500	n/a	79317	stimulus	n/a	n/a	standard
310.8320312500	n/a	79573	stimulus	457	n/a	oddball_with_reponse
311.2890625000	n/a	79690	response	n/a	n/a	response
311.8359375000	n/a	79830	stimulus	n/a	n/a	standard
312.8359375000	n/a	80086	stimulus	n/a	n/a	noise
313.8320312500	n/a	80341	stimulus	n/a	n/a	standard
314.8320312500	n/a	80597	stimulus	n/a	n/a	standard
315.8320312500	n/a	80853	stimulus	n/a	n/a	standard
316.8359375000	n/a	81110	stimulus	539	n/a	oddball_with_reponse
317.3750000000	n/a	81248	response	n/a	n/a	response
317.8320312500	n/a	81365	stimulus	n/a	n/a	standard
318.8320312500	n/a	81621	stimulus	n/a	n/a	noise
319.8437500000	n/a	81880	stimulus	n/a	n/a	standard
320.8320312500	n/a	82133	stimulus	n/a	n/a	noise
321.8320312500	n/a	82389	stimulus	n/a	n/a	standard
322.8320312500	n/a	82645	stimulus	n/a	n/a	standard
323.8359375000	n/a	82902	stimulus	n/a	n/a	standard
324.8398437500	n/a	83159	stimulus	n/a	n/a	standard
325.8398437500	n/a	83415	stimulus	n/a	n/a	standard
326.8398437500	n/a	83671	stimulus	n/a	n/a	standard
327.8437500000	n/a	83928	stimulus	n/a	n/a	standard
328.8398437500	n/a	84183	stimulus	n/a	n/a	standard
329.8398437500	n/a	84439	stimulus	n/a	n/a	standard
330.8515625000	n/a	84698	stimulus	n/a	n/a	standard
331.8398437500	n/a	84951	stimulus	n/a	n/a	noise
332.8476562500	n/a	85209	stimulus	n/a	n/a	standard
333.8437500000	n/a	85464	stimulus	n/a	n/a	standard
334.8476562500	n/a	85721	stimulus	n/a	n/a	noise
335.8437500000	n/a	85976	stimulus	n/a	n/a	standard
336.8476562500	n/a	86233	stimulus	n/a	n/a	noise
337.8476562500	n/a	86489	stimulus	n/a	n/a	standard
338.8437500000	n/a	86744	stimulus	n/a	n/a	standard
339.8476562500	n/a	87001	stimulus	n/a	n/a	noise
340.8437500000	n/a	87256	stimulus	n/a	n/a	standard
341.8476562500	n/a	87513	stimulus	n/a	n/a	standard
342.8476562500	n/a	87769	stimulus	348	n/a	oddball_with_reponse
343.1953125000	n/a	87858	response	n/a	n/a	response
343.8437500000	n/a	88024	stimulus	n/a	n/a	standard
344.8437500000	n/a	88280	stimulus	n/a	n/a	standard
345.8476562500	n/a	88537	stimulus	n/a	n/a	standard
346.8476562500	n/a	88793	stimulus	n/a	n/a	standard
347.8437500000	n/a	89048	stimulus	n/a	n/a	standard
348.8476562500	n/a	89305	stimulus	n/a	n/a	standard
349.8515625000	n/a	89562	stimulus	n/a	n/a	standard
350.8554687500	n/a	89819	stimulus	449	n/a	oddball_with_reponse
351.3046875000	n/a	89934	response	n/a	n/a	response
351.8476562500	n/a	90073	stimulus	n/a	n/a	standard
352.8476562500	n/a	90329	stimulus	n/a	n/a	standard
353.8476562500	n/a	90585	stimulus	n/a	n/a	noise
354.8437500000	n/a	90840	stimulus	n/a	n/a	standard
355.8437500000	n/a	91096	stimulus	n/a	n/a	standard
356.8476562500	n/a	91353	stimulus	n/a	n/a	standard
357.8437500000	n/a	91608	stimulus	n/a	n/a	standard
358.8476562500	n/a	91865	stimulus	n/a	n/a	standard
359.8437500000	n/a	92120	stimulus	n/a	n/a	standard
360.8476562500	n/a	92377	stimulus	n/a	n/a	standard
361.8437500000	n/a	92632	stimulus	n/a	n/a	standard
362.8437500000	n/a	92888	stimulus	n/a	n/a	standard
363.8437500000	n/a	93144	stimulus	n/a	n/a	standard
364.8476562500	n/a	93401	stimulus	n/a	n/a	standard
365.8437500000	n/a	93656	stimulus	n/a	n/a	standard
366.8437500000	n/a	93912	stimulus	410	n/a	oddball_with_reponse
367.2539062500	n/a	94017	response	n/a	n/a	response
367.8476562500	n/a	94169	stimulus	n/a	n/a	standard
368.8476562500	n/a	94425	stimulus	n/a	n/a	standard
369.8437500000	n/a	94680	stimulus	n/a	n/a	noise
370.8476562500	n/a	94937	stimulus	n/a	n/a	standard
371.8476562500	n/a	95193	stimulus	496	n/a	oddball_with_reponse
372.3437500000	n/a	95320	response	n/a	n/a	response
372.8476562500	n/a	95449	stimulus	n/a	n/a	standard
373.8476562500	n/a	95705	stimulus	656	n/a	oddball_with_reponse
374.5039062500	n/a	95873	response	n/a	n/a	response
374.8476562500	n/a	95961	stimulus	n/a	n/a	standard
375.8515625000	n/a	96218	stimulus	383	n/a	oddball_with_reponse
376.2343750000	n/a	96316	response	n/a	n/a	response
376.8593750000	n/a	96476	stimulus	n/a	n/a	standard
377.8515625000	n/a	96730	stimulus	n/a	n/a	standard
378.8515625000	n/a	96986	stimulus	395	n/a	oddball_with_reponse
379.2460937500	n/a	97087	response	n/a	n/a	response
379.8515625000	n/a	97242	stimulus	n/a	n/a	standard
380.8515625000	n/a	97498	stimulus	n/a	n/a	standard
381.8515625000	n/a	97754	stimulus	n/a	n/a	noise
382.8515625000	n/a	98010	stimulus	n/a	n/a	standard
383.8554687500	n/a	98267	stimulus	n/a	n/a	standard
384.8515625000	n/a	98522	stimulus	406	n/a	oddball_with_reponse
385.2578125000	n/a	98626	response	n/a	n/a	response
385.8515625000	n/a	98778	stimulus	n/a	n/a	standard
386.8515625000	n/a	99034	stimulus	n/a	n/a	standard
387.8554687500	n/a	99291	stimulus	n/a	n/a	standard
388.8515625000	n/a	99546	stimulus	n/a	n/a	standard
389.8515625000	n/a	99802	stimulus	n/a	n/a	standard
390.8515625000	n/a	100058	stimulus	n/a	n/a	noise
391.8515625000	n/a	100314	stimulus	n/a	n/a	standard
392.8593750000	n/a	100572	stimulus	n/a	n/a	noise
393.8515625000	n/a	100826	stimulus	n/a	n/a	standard
394.8515625000	n/a	101082	stimulus	n/a	n/a	standard
395.8515625000	n/a	101338	stimulus	n/a	n/a	standard
396.8554687500	n/a	101595	stimulus	n/a	n/a	noise
397.8515625000	n/a	101850	stimulus	n/a	n/a	standard
398.8515625000	n/a	102106	stimulus	n/a	n/a	noise
399.8515625000	n/a	102362	stimulus	n/a	n/a	standard
400.8515625000	n/a	102618	stimulus	n/a	n/a	noise
401.8515625000	n/a	102874	stimulus	n/a	n/a	standard
402.8515625000	n/a	103130	stimulus	895	n/a	oddball_with_reponse
403.7460937500	n/a	103359	response	n/a	n/a	response
403.8515625000	n/a	103386	stimulus	12	n/a	standard_with_reponse
403.8632812500	n/a	103389	response	n/a	n/a	response
404.8593750000	n/a	103644	stimulus	586	n/a	oddball_with_reponse
405.4453125000	n/a	103794	response	n/a	n/a	response
405.8593750000	n/a	103900	stimulus	n/a	n/a	standard
406.8593750000	n/a	104156	stimulus	473	n/a	oddball_with_reponse
407.3320312500	n/a	104277	response	n/a	n/a	response
407.8632812500	n/a	104413	stimulus	n/a	n/a	standard
408.8593750000	n/a	104668	stimulus	387	n/a	oddball_with_reponse
409.2460937500	n/a	104767	response	n/a	n/a	response
409.8593750000	n/a	104924	stimulus	n/a	n/a	standard
410.8593750000	n/a	105180	stimulus	n/a	n/a	standard
411.8593750000	n/a	105436	stimulus	465	n/a	oddball_with_reponse
412.3242187500	n/a	105555	response	n/a	n/a	response
412.8671875000	n/a	105694	stimulus	n/a	n/a	standard
413.8593750000	n/a	105948	stimulus	n/a	n/a	noise
414.8593750000	n/a	106204	stimulus	n/a	n/a	standard
415.8593750000	n/a	106460	stimulus	n/a	n/a	noise
416.8593750000	n/a	106716	stimulus	n/a	n/a	standard
417.8593750000	n/a	106972	stimulus	n/a	n/a	standard
418.8593750000	n/a	107228	stimulus	n/a	n/a	standard
419.8593750000	n/a	107484	stimulus	n/a	n/a	noise
420.8593750000	n/a	107740	stimulus	n/a	n/a	standard
421.8593750000	n/a	107996	stimulus	n/a	n/a	standard
422.8593750000	n/a	108252	stimulus	n/a	n/a	noise
423.8593750000	n/a	108508	stimulus	n/a	n/a	standard
424.8593750000	n/a	108764	stimulus	n/a	n/a	noise
425.8632812500	n/a	109021	stimulus	n/a	n/a	standard
426.8593750000	n/a	109276	stimulus	n/a	n/a	noise
427.8593750000	n/a	109532	stimulus	n/a	n/a	standard
428.8593750000	n/a	109788	stimulus	445	n/a	oddball_with_reponse
429.3046875000	n/a	109902	response	n/a	n/a	response
429.8593750000	n/a	110044	stimulus	n/a	n/a	standard
430.8593750000	n/a	110300	stimulus	n/a	n/a	noise
431.8593750000	n/a	110556	stimulus	n/a	n/a	standard
432.8593750000	n/a	110812	stimulus	414	n/a	oddball_with_reponse
433.2734375000	n/a	110918	response	n/a	n/a	response
433.8593750000	n/a	111068	stimulus	n/a	n/a	standard
434.8593750000	n/a	111324	stimulus	n/a	n/a	standard
435.8632812500	n/a	111581	stimulus	n/a	n/a	standard
436.8593750000	n/a	111836	stimulus	391	n/a	oddball_with_reponse
437.2500000000	n/a	111936	response	n/a	n/a	response
437.8593750000	n/a	112092	stimulus	n/a	n/a	standard
438.8632812500	n/a	112349	stimulus	n/a	n/a	noise
439.8593750000	n/a	112604	stimulus	n/a	n/a	standard
440.8593750000	n/a	112860	stimulus	n/a	n/a	standard
441.8593750000	n/a	113116	stimulus	477	n/a	oddball_with_reponse
442.3359375000	n/a	113238	response	n/a	n/a	response
442.8593750000	n/a	113372	stimulus	n/a	n/a	standard
443.8632812500	n/a	113629	stimulus	402	n/a	oddball_with_reponse
444.2656250000	n/a	113732	response	n/a	n/a	response
444.8632812500	n/a	113885	stimulus	n/a	n/a	standard
445.8593750000	n/a	114140	stimulus	n/a	n/a	standard
446.8593750000	n/a	114396	stimulus	n/a	n/a	standard
447.8593750000	n/a	114652	stimulus	n/a	n/a	standard
448.8593750000	n/a	114908	stimulus	n/a	n/a	standard
449.8593750000	n/a	115164	stimulus	n/a	n/a	standard
450.8593750000	n/a	115420	stimulus	n/a	n/a	standard
451.8593750000	n/a	115676	stimulus	n/a	n/a	noise
452.8593750000	n/a	115932	stimulus	n/a	n/a	standard
453.8593750000	n/a	116188	stimulus	n/a	n/a	noise
454.8593750000	n/a	116444	stimulus	n/a	n/a	standard
455.8593750000	n/a	116700	stimulus	480	n/a	oddball_with_reponse
456.3398437500	n/a	116823	response	n/a	n/a	response
456.8593750000	n/a	116956	stimulus	n/a	n/a	standard
457.8593750000	n/a	117212	stimulus	n/a	n/a	standard
458.8632812500	n/a	117469	stimulus	520	n/a	oddball_with_reponse
459.3828125000	n/a	117602	response	n/a	n/a	response
459.8632812500	n/a	117725	stimulus	n/a	n/a	standard
460.8593750000	n/a	117980	stimulus	n/a	n/a	standard
461.8593750000	n/a	118236	stimulus	488	n/a	oddball_with_reponse
462.3476562500	n/a	118361	response	n/a	n/a	response
462.8593750000	n/a	118492	stimulus	n/a	n/a	standard
463.8632812500	n/a	118749	stimulus	n/a	n/a	oddball
464.8671875000	n/a	119006	stimulus	n/a	n/a	standard
465.8671875000	n/a	119262	stimulus	n/a	n/a	standard
466.8671875000	n/a	119518	stimulus	n/a	n/a	standard
467.8671875000	n/a	119774	stimulus	n/a	n/a	noise
468.8671875000	n/a	120030	stimulus	n/a	n/a	standard
469.8750000000	n/a	120288	stimulus	n/a	n/a	noise
470.8789062500	n/a	120545	stimulus	n/a	n/a	standard
471.8710937500	n/a	120799	stimulus	n/a	n/a	noise
472.8671875000	n/a	121054	stimulus	n/a	n/a	standard
473.8710937500	n/a	121311	stimulus	n/a	n/a	standard
474.8750000000	n/a	121568	stimulus	n/a	n/a	standard
475.8671875000	n/a	121822	stimulus	n/a	n/a	noise
476.8750000000	n/a	122080	stimulus	n/a	n/a	standard
477.8710937500	n/a	122335	stimulus	535	n/a	oddball_with_reponse
478.4062500000	n/a	122472	response	n/a	n/a	response
478.8671875000	n/a	122590	stimulus	n/a	n/a	standard
479.8671875000	n/a	122846	stimulus	629	n/a	oddball_with_reponse
480.4960937500	n/a	123007	response	n/a	n/a	response
480.8671875000	n/a	123102	stimulus	n/a	n/a	standard
481.8671875000	n/a	123358	stimulus	n/a	n/a	standard
482.8710937500	n/a	123615	stimulus	n/a	n/a	standard
483.8671875000	n/a	123870	stimulus	n/a	n/a	standard
484.8710937500	n/a	124127	stimulus	n/a	n/a	standard
485.8671875000	n/a	124382	stimulus	n/a	n/a	noise
486.8671875000	n/a	124638	stimulus	n/a	n/a	standard
487.8710937500	n/a	124895	stimulus	n/a	n/a	standard
488.8671875000	n/a	125150	stimulus	n/a	n/a	noise
489.8710937500	n/a	125407	stimulus	n/a	n/a	standard
490.8671875000	n/a	125662	stimulus	n/a	n/a	standard
491.8671875000	n/a	125918	stimulus	n/a	n/a	standard
492.8710937500	n/a	126175	stimulus	578	n/a	oddball_with_reponse
493.4492187500	n/a	126323	response	n/a	n/a	response
493.8710937500	n/a	126431	stimulus	n/a	n/a	standard
494.8710937500	n/a	126687	stimulus	n/a	n/a	noise
495.8671875000	n/a	126942	stimulus	n/a	n/a	standard
496.8710937500	n/a	127199	stimulus	n/a	n/a	standard
497.8750000000	n/a	127456	stimulus	n/a	n/a	standard
498.8671875000	n/a	127710	stimulus	492	n/a	oddball_with_reponse
499.3593750000	n/a	127836	response	n/a	n/a	response
499.8710937500	n/a	127967	n/a	n/a	n/a	ignore
500.8710937500	n/a	128223	stimulus	n/a	n/a	standard
501.8750000000	n/a	128480	stimulus	527	n/a	oddball_with_reponse
502.4023437500	n/a	128615	response	n/a	n/a	response
502.8750000000	n/a	128736	stimulus	n/a	n/a	standard
503.8710937500	n/a	128991	stimulus	n/a	n/a	standard
504.8750000000	n/a	129248	stimulus	n/a	n/a	standard
505.8710937500	n/a	129503	stimulus	500	n/a	oddball_with_reponse
506.3710937500	n/a	129631	response	n/a	n/a	response
506.8710937500	n/a	129759	stimulus	n/a	n/a	standard
507.8750000000	n/a	130016	stimulus	n/a	n/a	noise
508.8710937500	n/a	130271	stimulus	n/a	n/a	standard
509.8710937500	n/a	130527	stimulus	n/a	n/a	standard
510.8710937500	n/a	130783	stimulus	516	n/a	oddball_with_reponse
511.3867187500	n/a	130915	response	n/a	n/a	response
511.8710937500	n/a	131039	stimulus	n/a	n/a	standard
512.8750000000	n/a	131296	stimulus	n/a	n/a	standard
513.8710937500	n/a	131551	stimulus	n/a	n/a	standard
514.8710937500	n/a	131807	stimulus	n/a	n/a	noise
515.8710937500	n/a	132063	stimulus	n/a	n/a	standard
516.8710937500	n/a	132319	stimulus	426	n/a	oddball_with_reponse
517.2968750000	n/a	132428	response	n/a	n/a	response
517.8710937500	n/a	132575	stimulus	n/a	n/a	standard
518.8710937500	n/a	132831	stimulus	n/a	n/a	noise
519.8710937500	n/a	133087	stimulus	n/a	n/a	standard
520.8750000000	n/a	133344	stimulus	n/a	n/a	noise
521.8710937500	n/a	133599	stimulus	n/a	n/a	standard
522.8710937500	n/a	133855	stimulus	n/a	n/a	standard
523.8710937500	n/a	134111	stimulus	n/a	n/a	standard
524.8710937500	n/a	134367	stimulus	n/a	n/a	standard
525.8710937500	n/a	134623	stimulus	n/a	n/a	noise
526.8750000000	n/a	134880	stimulus	n/a	n/a	standard
527.8710937500	n/a	135135	stimulus	n/a	n/a	noise
528.8710937500	n/a	135391	stimulus	n/a	n/a	standard
529.8750000000	n/a	135648	stimulus	n/a	n/a	standard
530.8710937500	n/a	135903	stimulus	469	n/a	oddball_with_reponse
531.3398437500	n/a	136023	response	n/a	n/a	response
531.8750000000	n/a	136160	stimulus	n/a	n/a	standard
532.8710937500	n/a	136415	stimulus	578	n/a	oddball_with_reponse
533.4492187500	n/a	136563	response	n/a	n/a	response
533.8750000000	n/a	136672	stimulus	n/a	n/a	standard
534.8710937500	n/a	136927	stimulus	n/a	n/a	standard
535.8710937500	n/a	137183	stimulus	n/a	n/a	standard
536.8710937500	n/a	137439	stimulus	n/a	n/a	standard
537.8710937500	n/a	137695	stimulus	n/a	n/a	standard
538.8710937500	n/a	137951	stimulus	555	n/a	oddball_with_reponse
539.4257812500	n/a	138093	response	n/a	n/a	response
539.8750000000	n/a	138208	stimulus	n/a	n/a	standard
540.8867187500	n/a	138467	stimulus	621	n/a	oddball_with_reponse
541.5078125000	n/a	138626	response	n/a	n/a	response
541.8750000000	n/a	138720	n/a	n/a	n/a	ignore
542.8710937500	n/a	138975	stimulus	n/a	n/a	standard
543.8750000000	n/a	139232	stimulus	n/a	n/a	noise
544.8750000000	n/a	139488	stimulus	n/a	n/a	standard
545.8750000000	n/a	139744	stimulus	488	n/a	oddball_with_reponse
546.3632812500	n/a	139869	response	n/a	n/a	response
546.8710937500	n/a	139999	stimulus	n/a	n/a	standard
547.8789062500	n/a	140257	stimulus	527	n/a	oddball_with_reponse
548.4062500000	n/a	140392	response	n/a	n/a	response
548.8750000000	n/a	140512	stimulus	n/a	n/a	standard
549.8710937500	n/a	140767	stimulus	n/a	n/a	standard
550.8750000000	n/a	141024	stimulus	n/a	n/a	standard
551.8710937500	n/a	141279	stimulus	n/a	n/a	standard
552.8750000000	n/a	141536	stimulus	n/a	n/a	standard
553.8710937500	n/a	141791	stimulus	n/a	n/a	standard
554.8789062500	n/a	142049	stimulus	n/a	n/a	standard
555.8710937500	n/a	142303	stimulus	434	n/a	oddball_with_reponse
556.3046875000	n/a	142414	response	n/a	n/a	response
556.8710937500	n/a	142559	stimulus	n/a	n/a	standard
557.8710937500	n/a	142815	stimulus	n/a	n/a	standard
558.8789062500	n/a	143073	stimulus	555	n/a	oddball_with_reponse
559.4335937500	n/a	143215	response	n/a	n/a	response
559.8710937500	n/a	143327	stimulus	n/a	n/a	standard
560.8750000000	n/a	143584	stimulus	602	n/a	oddball_with_reponse
561.4765625000	n/a	143738	response	n/a	n/a	response
561.8710937500	n/a	143839	stimulus	n/a	n/a	standard
562.8710937500	n/a	144095	stimulus	n/a	n/a	standard
563.8750000000	n/a	144352	stimulus	n/a	n/a	standard
564.8750000000	n/a	144608	stimulus	n/a	n/a	standard
565.8710937500	n/a	144863	stimulus	n/a	n/a	noise
566.8710937500	n/a	145119	stimulus	n/a	n/a	standard
567.8710937500	n/a	145375	stimulus	527	n/a	oddball_with_reponse
568.3984375000	n/a	145510	response	n/a	n/a	response
568.8710937500	n/a	145631	stimulus	n/a	n/a	standard
569.8710937500	n/a	145887	stimulus	n/a	n/a	oddball
570.8789062500	n/a	146145	stimulus	n/a	n/a	standard
571.8710937500	n/a	146399	stimulus	n/a	n/a	standard
572.8710937500	n/a	146655	stimulus	n/a	n/a	standard
573.8710937500	n/a	146911	stimulus	n/a	n/a	oddball
574.8710937500	n/a	147167	stimulus	359	n/a	standard_with_reponse
575.2304687500	n/a	147259	response	n/a	n/a	response
575.8710937500	n/a	147423	stimulus	n/a	n/a	standard
576.8750000000	n/a	147680	stimulus	n/a	n/a	noise
577.8750000000	n/a	147936	stimulus	n/a	n/a	standard
578.8750000000	n/a	148192	stimulus	n/a	n/a	noise
579.8750000000	n/a	148448	stimulus	n/a	n/a	standard
580.8750000000	n/a	148704	stimulus	n/a	n/a	standard
581.8750000000	n/a	148960	stimulus	418	n/a	oddball_with_reponse
582.2929687500	n/a	149067	response	n/a	n/a	response
582.8750000000	n/a	149216	stimulus	n/a	n/a	standard
583.8789062500	n/a	149473	stimulus	n/a	n/a	standard
584.8710937500	n/a	149727	stimulus	n/a	n/a	standard
585.8750000000	n/a	149984	stimulus	n/a	n/a	standard
586.8750000000	n/a	150240	stimulus	445	n/a	oddball_with_reponse
587.3203125000	n/a	150354	response	n/a	n/a	response
587.8750000000	n/a	150496	stimulus	n/a	n/a	standard
588.8750000000	n/a	150752	stimulus	574	n/a	oddball_with_reponse
589.4492187500	n/a	150899	response	n/a	n/a	response
589.8750000000	n/a	151008	stimulus	n/a	n/a	standard
590.8750000000	n/a	151264	stimulus	n/a	n/a	standard
591.8750000000	n/a	151520	stimulus	n/a	n/a	standard
592.8750000000	n/a	151776	stimulus	n/a	n/a	noise
593.8710937500	n/a	152031	stimulus	n/a	n/a	standard
594.8750000000	n/a	152288	stimulus	n/a	n/a	standard
595.8789062500	n/a	152545	stimulus	n/a	n/a	standard
596.8750000000	n/a	152800	stimulus	477	n/a	oddball_with_reponse
597.3515625000	n/a	152922	response	n/a	n/a	response
597.8750000000	n/a	153056	stimulus	n/a	n/a	standard
598.8828125000	n/a	153314	stimulus	711	n/a	oddball_with_reponse
599.5937500000	n/a	153496	response	n/a	n/a	response
599.8710937500	n/a	153567	stimulus	n/a	n/a	standard
600.8750000000	n/a	153824	stimulus	n/a	n/a	standard
601.8750000000	n/a	154080	stimulus	n/a	n/a	standard
602.8789062500	n/a	154337	stimulus	n/a	n/a	standard
603.8789062500	n/a	154593	stimulus	n/a	n/a	standard
604.8750000000	n/a	154848	stimulus	516	n/a	oddball_with_reponse
605.3906250000	n/a	154980	response	n/a	n/a	response
605.8750000000	n/a	155104	stimulus	n/a	n/a	standard
606.8750000000	n/a	155360	stimulus	n/a	n/a	standard
607.8710937500	n/a	155615	stimulus	n/a	n/a	standard
608.8750000000	n/a	155872	stimulus	n/a	n/a	noise
609.8750000000	n/a	156128	stimulus	n/a	n/a	standard
610.8750000000	n/a	156384	stimulus	n/a	n/a	noise
611.8828125000	n/a	156642	stimulus	n/a	n/a	standard
612.8750000000	n/a	156896	stimulus	n/a	n/a	standard
613.8750000000	n/a	157152	stimulus	n/a	n/a	standard
614.8750000000	n/a	157408	stimulus	n/a	n/a	standard
615.8750000000	n/a	157664	stimulus	n/a	n/a	standard
616.8750000000	n/a	157920	stimulus	n/a	n/a	standard
617.8750000000	n/a	158176	stimulus	488	n/a	oddball_with_reponse
618.3632812500	n/a	158301	response	n/a	n/a	response
618.8750000000	n/a	158432	stimulus	n/a	n/a	standard
619.8750000000	n/a	158688	stimulus	n/a	n/a	noise
620.8750000000	n/a	158944	stimulus	n/a	n/a	standard
621.8750000000	n/a	159200	stimulus	582	n/a	oddball_with_reponse
622.4570312500	n/a	159349	response	n/a	n/a	response
622.8789062500	n/a	159457	stimulus	n/a	n/a	standard
623.8750000000	n/a	159712	stimulus	n/a	n/a	standard
624.8750000000	n/a	159968	stimulus	n/a	n/a	standard
625.8750000000	n/a	160224	stimulus	n/a	n/a	standard
626.8789062500	n/a	160481	stimulus	n/a	n/a	standard
627.8750000000	n/a	160736	stimulus	n/a	n/a	standard
628.8750000000	n/a	160992	stimulus	n/a	n/a	standard
629.8750000000	n/a	161248	stimulus	n/a	n/a	standard
630.8750000000	n/a	161504	stimulus	438	n/a	oddball_with_reponse
631.3125000000	n/a	161616	response	n/a	n/a	response
631.8750000000	n/a	161760	stimulus	n/a	n/a	standard
632.8789062500	n/a	162017	stimulus	n/a	n/a	noise
633.8828125000	n/a	162274	stimulus	n/a	n/a	standard
634.8750000000	n/a	162528	stimulus	n/a	n/a	standard
635.8750000000	n/a	162784	stimulus	n/a	n/a	standard
636.8750000000	n/a	163040	stimulus	n/a	n/a	standard
637.8750000000	n/a	163296	stimulus	453	n/a	oddball_with_reponse
638.3281250000	n/a	163412	response	n/a	n/a	response
638.8750000000	n/a	163552	stimulus	n/a	n/a	standard
639.8789062500	n/a	163809	stimulus	n/a	n/a	noise
640.8789062500	n/a	164065	stimulus	n/a	n/a	standard
641.8750000000	n/a	164320	stimulus	398	n/a	oddball_with_reponse
642.2734375000	n/a	164422	response	n/a	n/a	response
642.8750000000	n/a	164576	stimulus	n/a	n/a	standard
643.8750000000	n/a	164832	stimulus	n/a	n/a	noise
644.8789062500	n/a	165089	stimulus	n/a	n/a	standard
645.8750000000	n/a	165344	stimulus	n/a	n/a	noise
646.8750000000	n/a	165600	stimulus	n/a	n/a	standard
647.8789062500	n/a	165857	stimulus	n/a	n/a	noise
648.8789062500	n/a	166113	stimulus	n/a	n/a	standard
649.8750000000	n/a	166368	stimulus	375	n/a	oddball_with_reponse
650.2500000000	n/a	166464	response	n/a	n/a	response
650.8750000000	n/a	166624	stimulus	n/a	n/a	standard
651.8789062500	n/a	166881	stimulus	n/a	n/a	noise
652.8789062500	n/a	167137	stimulus	n/a	n/a	standard
653.8789062500	n/a	167393	stimulus	n/a	n/a	standard
654.8789062500	n/a	167649	stimulus	379	n/a	oddball_with_reponse
655.2578125000	n/a	167746	response	n/a	n/a	response
655.8789062500	n/a	167905	stimulus	n/a	n/a	standard
656.8867187500	n/a	168163	stimulus	n/a	n/a	standard
657.8867187500	n/a	168419	stimulus	n/a	n/a	standard
658.8789062500	n/a	168673	stimulus	n/a	n/a	standard
659.8906250000	n/a	168932	stimulus	336	n/a	oddball_with_reponse
660.2265625000	n/a	169018	response	n/a	n/a	response
660.8867187500	n/a	169187	stimulus	n/a	n/a	standard
661.8867187500	n/a	169443	stimulus	n/a	n/a	standard
662.8828125000	n/a	169698	stimulus	n/a	n/a	noise
663.8750000000	n/a	169952	stimulus	n/a	n/a	standard
664.8906250000	n/a	170212	stimulus	n/a	n/a	standard
665.8789062500	n/a	170465	stimulus	n/a	n/a	standard
666.8789062500	n/a	170721	stimulus	n/a	n/a	noise
667.8828125000	n/a	170978	stimulus	n/a	n/a	standard
668.8789062500	n/a	171233	stimulus	n/a	n/a	standard
669.8867187500	n/a	171491	stimulus	n/a	n/a	standard
670.8828125000	n/a	171746	stimulus	n/a	n/a	noise
671.8750000000	n/a	172000	stimulus	n/a	n/a	standard
672.8984375000	n/a	172262	stimulus	n/a	n/a	noise
673.8867187500	n/a	172515	stimulus	n/a	n/a	standard
674.8867187500	n/a	172771	stimulus	551	n/a	oddball_with_reponse
675.4375000000	n/a	172912	response	n/a	n/a	response
675.8906250000	n/a	173028	stimulus	n/a	n/a	standard
676.8867187500	n/a	173283	stimulus	n/a	n/a	standard
677.8828125000	n/a	173538	stimulus	n/a	n/a	standard
678.8945312500	n/a	173797	stimulus	n/a	n/a	standard
679.8906250000	n/a	174052	stimulus	n/a	n/a	standard
680.8945312500	n/a	174309	stimulus	n/a	n/a	standard
681.8945312500	n/a	174565	stimulus	n/a	n/a	standard
682.8867187500	n/a	174819	stimulus	n/a	n/a	standard
683.8945312500	n/a	175077	stimulus	n/a	n/a	noise
684.9062500000	n/a	175336	stimulus	n/a	n/a	standard
685.8906250000	n/a	175588	stimulus	n/a	n/a	standard
686.8906250000	n/a	175844	stimulus	n/a	n/a	noise
687.8945312500	n/a	176101	stimulus	n/a	n/a	standard
688.8906250000	n/a	176356	stimulus	492	n/a	oddball_with_reponse
689.3828125000	n/a	176482	response	n/a	n/a	response
689.8906250000	n/a	176612	stimulus	n/a	n/a	standard
690.8945312500	n/a	176869	stimulus	695	n/a	oddball_with_reponse
691.5898437500	n/a	177047	response	n/a	n/a	response
691.8945312500	n/a	177125	stimulus	n/a	n/a	standard
692.9257812500	n/a	177389	stimulus	n/a	n/a	noise
693.8906250000	n/a	177636	stimulus	n/a	n/a	standard
694.9023437500	n/a	177895	stimulus	n/a	n/a	noise
695.8906250000	n/a	178148	stimulus	n/a	n/a	standard
696.8945312500	n/a	178405	stimulus	n/a	n/a	noise
697.9023437500	n/a	178663	stimulus	n/a	n/a	standard
698.8906250000	n/a	178916	stimulus	n/a	n/a	noise
699.8906250000	n/a	179172	stimulus	n/a	n/a	standard
700.8906250000	n/a	179428	stimulus	n/a	n/a	standard
701.8906250000	n/a	179684	stimulus	n/a	n/a	noise
702.8945312500	n/a	179941	stimulus	n/a	n/a	standard
703.8945312500	n/a	180197	stimulus	n/a	n/a	noise
704.9023437500	n/a	180455	stimulus	n/a	n/a	standard
705.9218750000	n/a	180716	stimulus	n/a	n/a	standard
706.8906250000	n/a	180964	stimulus	n/a	n/a	standard
707.9023437500	n/a	181223	stimulus	n/a	n/a	standard
708.8984375000	n/a	181478	stimulus	n/a	n/a	noise
709.8906250000	n/a	181732	stimulus	n/a	n/a	standard
710.8906250000	n/a	181988	stimulus	n/a	n/a	standard
711.8906250000	n/a	182244	stimulus	n/a	n/a	standard
712.8906250000	n/a	182500	stimulus	n/a	n/a	standard
713.8906250000	n/a	182756	stimulus	703	n/a	oddball_with_reponse
714.5937500000	n/a	182936	response	n/a	n/a	response
714.8867187500	n/a	183011	stimulus	n/a	n/a	standard
715.8906250000	n/a	183268	stimulus	n/a	n/a	standard
716.8906250000	n/a	183524	stimulus	n/a	n/a	standard
717.9023437500	n/a	183783	stimulus	n/a	n/a	standard
718.8906250000	n/a	184036	stimulus	477	n/a	oddball_with_reponse
719.3671875000	n/a	184158	response	n/a	n/a	response
719.8945312500	n/a	184293	stimulus	n/a	n/a	standard
720.8906250000	n/a	184548	stimulus	n/a	n/a	standard
721.8945312500	n/a	184805	stimulus	n/a	n/a	standard
722.8945312500	n/a	185061	stimulus	n/a	n/a	noise
723.8906250000	n/a	185316	stimulus	n/a	n/a	standard
724.8945312500	n/a	185573	stimulus	n/a	n/a	standard
725.8867187500	n/a	185827	stimulus	n/a	n/a	standard
726.8906250000	n/a	186084	stimulus	n/a	n/a	standard
727.8984375000	n/a	186342	stimulus	n/a	n/a	standard
728.8906250000	n/a	186596	stimulus	n/a	n/a	standard
729.8906250000	n/a	186852	stimulus	n/a	n/a	standard
730.8906250000	n/a	187108	stimulus	n/a	n/a	standard
731.8906250000	n/a	187364	stimulus	n/a	n/a	standard
732.8945312500	n/a	187621	stimulus	n/a	n/a	standard
733.8906250000	n/a	187876	stimulus	n/a	n/a	standard
734.8906250000	n/a	188132	stimulus	n/a	n/a	standard
735.8906250000	n/a	188388	stimulus	445	n/a	oddball_with_reponse
736.3359375000	n/a	188502	response	n/a	n/a	response
736.8906250000	n/a	188644	stimulus	n/a	n/a	standard
737.8906250000	n/a	188900	stimulus	n/a	n/a	standard
738.8945312500	n/a	189157	stimulus	500	n/a	oddball_with_reponse
739.3945312500	n/a	189285	response	n/a	n/a	response
739.8945312500	n/a	189413	stimulus	n/a	n/a	standard
740.8984375000	n/a	189670	stimulus	n/a	n/a	noise
741.8984375000	n/a	189926	stimulus	n/a	n/a	standard
742.9023437500	n/a	190183	stimulus	n/a	n/a	noise
743.8945312500	n/a	190437	stimulus	n/a	n/a	standard
744.8945312500	n/a	190693	stimulus	758	n/a	oddball_with_reponse
745.6523437500	n/a	190887	response	n/a	n/a	response
745.9101562500	n/a	190953	stimulus	n/a	n/a	standard
746.8984375000	n/a	191206	stimulus	918	n/a	oddball_with_reponse
747.8164062500	n/a	191441	response	n/a	n/a	response
747.8945312500	n/a	191461	n/a	n/a	n/a	ignore
748.8945312500	n/a	191717	stimulus	n/a	n/a	standard
749.9062500000	n/a	191976	stimulus	777	n/a	oddball_with_reponse
750.6835937500	n/a	192175	response	n/a	n/a	response
750.9023437500	n/a	192231	stimulus	n/a	n/a	standard
751.9023437500	n/a	192487	stimulus	n/a	n/a	standard
752.8945312500	n/a	192741	stimulus	n/a	n/a	standard
